Name,Team,Position Group,Draft Grade,40 Yard Dash,Bench Press,Vertical Jump,Broad Jump,Three Cone Drill,20 Yard Shuttle,60 Yard Shuttle,Height,Weight,Arm Length,Hand Size,Position,Combine ID,URL
Sam Darnold,USC,QB,7.1,4.85,,26.5,105,6.96,4.4,,75,221,31,9.375,QB,QB05,https://www.nfl.com/prospects/sam-darnold?id=32462018-0002-5600-578a-86541c8f8891
Josh Rosen,UCLA,QB,6.19,4.92,,31,111,7.09,4.28,,76,226,31.75,9.875,QB,QB15,https://www.nfl.com/prospects/josh-rosen?id=32462018-0002-5600-59bd-f150d938ca3e
Baker Mayfield,Oklahoma,QB,6.09,4.84,,29,111,7,4.28,,73,215,30.25,9.25,QB,QB14,https://www.nfl.com/prospects/baker-mayfield?id=32462018-0002-5600-63bc-195cdc34bdb5
Lamar Jackson,Louisville,QB,6.06,,,,,,,,74,216,33.125,9.5,QB,QB10,https://www.nfl.com/prospects/lamar-jackson?id=32462018-0002-5600-53b1-0f1a50e94b24
Josh Allen,Wyoming,QB,5.95,4.75,,33.5,119,6.9,4.4,,77,237,33.25,10.125,QB,QB02,https://www.nfl.com/prospects/josh-allen?id=32462018-0002-5600-29bc-8750224414bd
Mason Rudolph,Oklahoma State,QB,5.66,4.9,,26,,,,,77,235,32.375,9.125,QB,QB16,https://www.nfl.com/prospects/mason-rudolph?id=32462018-0002-5599-4271-c09bf8338e3c
Luke Falk,Washington State,QB,5.64,,,26.5,103,,,,76,215,32,9.25,QB,QB07,https://www.nfl.com/prospects/luke-falk?id=32462018-0002-5599-38f9-753dda1f2cc9
Mike White,WKU,QB,5.6,5.09,,27,96,7.4,4.4,,77,224,31.875,9.5,QB,QB18,https://www.nfl.com/prospects/mike-white?id=32462018-0002-5599-43bb-5504c9c75914
Kyle Lauletta,Richmond,QB,5.19,4.81,,31,113,6.95,4.07,,75,222,30.625,9.75,QB,QB11,https://www.nfl.com/prospects/kyle-lauletta?id=32462018-0002-5598-8268-5d3cc33787e7
Riley Ferguson,Memphis,QB,5.15,4.98,,29,110,6.96,4.4,,75,212,30.875,9.625,QB,QB08,https://www.nfl.com/prospects/riley-ferguson?id=32462018-0002-5599-5128-de3727d75838
Kurt Benkert,Virginia,QB,5.1,4.95,16,31,112,7.15,4.33,,75,218,31,9.5,QB,QB04,https://www.nfl.com/prospects/kurt-benkert?id=32462018-0002-5600-7688-8d686928f04a
Quinton Flowers,South Florida,QB,5,4.63,,,112,6.81,4.57,,70,214,30.875,9.75,QB,QB09,https://www.nfl.com/prospects/quinton-flowers?id=32462018-0002-5600-348e-a61cdf388153
Tanner Lee,Nebraska,QB,5,4.98,,32,115,7,4.41,,76,218,32.5,10.5,QB,QB12,https://www.nfl.com/prospects/tanner-lee?id=32462018-0002-5600-98e8-58eeacc58a6f
Chase Litton,Marshall,QB,4.98,4.9,,29.5,106,7.49,4.53,,77,230,32.25,9.375,QB,QB13,https://www.nfl.com/prospects/chase-litton?id=32462018-0002-5602-11b5-46d54966c5d3
Nic Shimonek,Texas Tech,QB,4.98,4.88,,28.5,101,7.28,4.32,,75,220,30.75,9.25,QB,QB17,https://www.nfl.com/prospects/nic-shimonek?id=32462018-0002-5600-0284-4b4a647ac72e
J.T. Barrett,Ohio State,QB,4.95,4.7,,30,108,7.38,4.44,,73,224,32,9.875,QB,QB03,https://www.nfl.com/prospects/j.t.-barrett?id=32462018-0002-5598-738a-431b11ba5ae0
Logan Woodside,Toledo,QB,4.94,4.79,,31.5,103,6.94,4.15,,73,213,31,9.75,QB,QB19,https://www.nfl.com/prospects/logan-woodside?id=32462018-0002-5601-9613-f1771f9cf2cb
Austin Allen,Arkansas,QB,4.92,4.81,,29.5,112,7.18,4.48,,72,210,30.625,9.625,QB,QB01,https://www.nfl.com/prospects/austin-allen?id=32462018-0002-5601-179e-7f64e9949129
Danny Etling,LSU,QB,4.85,4.76,,30.5,114,7.09,4.37,,74,222,31,9.375,QB,QB06,https://www.nfl.com/prospects/danny-etling?id=32462018-0002-5601-32cf-81b100b4397f
Saquon Barkley,Penn State,RB,7.45,4.4,29,41,,,4.24,,72,233,31.375,9.5,RB,RB03,https://www.nfl.com/prospects/saquon-barkley?id=32462018-0002-5599-01e7-82f405a9a7e5
Derrius Guice,LSU,RB,6.41,4.49,15,31.5,,,,,70,224,30.75,9.75,RB,RB13,https://www.nfl.com/prospects/derrius-guice?id=32462018-0002-5601-017c-b2cb76f248b4
Ronald Jones,USC,RB,6.28,4.65,,36.5,,,,,71,205,31.125,8.75,RB,RB18,https://www.nfl.com/prospects/ronald-jones?id=32462018-0002-5601-06df-2223ee61c706
Sony Michel,Georgia,RB,5.9,4.54,22,,,,4.21,,71,214,31.25,9.125,RB,RB20,https://www.nfl.com/prospects/sony-michel?id=32462018-0002-5598-42ba-9c934f655275
Rashaad Penny,San Diego State,RB,5.83,4.46,13,32.5,120,,,,71,220,31.25,9.25,RB,RB22,https://www.nfl.com/prospects/rashaad-penny?id=32462018-0002-5598-9884-ab8b2759ec0c
Kerryon Johnson,Auburn,RB,5.82,,11,40,126,7.07,4.29,,71,213,32.5,9.75,RB,RB17,https://www.nfl.com/prospects/kerryon-johnson?id=32462018-0002-5600-5225-62a270a0dee0
Nick Chubb,Georgia,RB,5.68,4.52,29,38.5,128,7.09,4.25,,71,227,32,9.625,RB,RB05,https://www.nfl.com/prospects/nick-chubb?id=32462018-0002-5598-46d5-acfeefef0045
Royce Freeman,Oregon,RB,5.63,4.54,17,34,118,6.9,4.16,11.64,71,229,32,9.5,RB,RB12,https://www.nfl.com/prospects/royce-freeman?id=32462018-0002-5598-4391-c06363e72f04
Bo Scarbrough,Alabama,RB,5.6,4.52,14,40,129,,4.34,,73,228,33.5,10.5,RB,RB25,https://www.nfl.com/prospects/bo-scarbrough?id=32462018-0002-5598-454f-31d0179e0a57
Mark Walton,Miami,RB,5.56,4.6,18,31.5,118,,,,70,202,30,9.25,RB,RB28,https://www.nfl.com/prospects/mark-walton?id=32462018-0002-5600-31f4-cfeb568d66bc
Nyheim Hines,NC State,RB,5.53,4.38,,35.5,119,7.18,4.35,,68,198,30.75,8.875,RB,RB15,https://www.nfl.com/prospects/nyheim-hines?id=32462018-0002-5601-7061-180eedb901f2
Dimitri Flowers,Oklahoma,RB,5.52,4.83,17,30.5,109,7.45,4.53,,74,248,30.75,9.25,RB,RB10,https://www.nfl.com/prospects/dimitri-flowers?id=32462018-0002-5601-3572-e0a7c160e8a0
John Kelly,Tennessee,RB,5.51,,15,35,120,7.13,4.51,,70,216,31.375,9.375,RB,RB19,https://www.nfl.com/prospects/john-kelly?id=32462018-0002-5601-9186-f2a43927b0c7
Kalen Ballage,Arizona State,RB,5.46,4.46,15,33.5,122,6.91,4.35,,73,228,32.75,9.5,RB,RB02,https://www.nfl.com/prospects/kalen-ballage?id=32462018-0002-5599-95ff-38837404d292
Akrum Wadley,Iowa,RB,5.45,4.54,12,32,,,,,70,194,29.5,8.25,RB,RB27,https://www.nfl.com/prospects/akrum-wadley?id=32462018-0002-5598-4784-caf128f7ff58
Roc Thomas,Jacksonville State,RB,5.42,4.56,16,35.5,125,,,,70,198,31.625,9.25,RB,RB26,https://www.nfl.com/prospects/roc-thomas?id=32462018-0002-5602-16d8-afb0f717b6bd
Darrel Williams,LSU,RB,5.42,4.72,22,32,109,,4.21,,72,225,31,9.375,RB,RB31,https://www.nfl.com/prospects/darrel-williams?id=32462018-0002-5599-20ec-e39f3b006ff2
Jordan Wilkins,Mississippi,RB,5.39,,16,36,117,,4.27,,73,216,30.125,9.375,RB,RB30,https://www.nfl.com/prospects/jordan-wilkins?id=32462018-0002-5601-87aa-0e1aff7cc20a
Nick Bawden,San Diego State,RB,5.36,,,,,,,,74,245,30.5,9.25,FB,RB04,https://www.nfl.com/prospects/nick-bawden?id=32462018-0002-5598-9342-957fc77a101b
Justin Jackson,Northwestern,RB,5.36,4.52,13,38.5,122,6.81,4.07,11.06,72,199,30.625,9.25,RB,RB16,https://www.nfl.com/prospects/justin-jackson?id=32462018-0002-5599-33b3-80a773b1cdde
Chase Edmonds,Fordham,RB,5.22,4.55,19,34,122,6.79,4.07,11.63,69,205,31.125,9.125,RB,RB08,https://www.nfl.com/prospects/chase-edmonds?id=32462018-0002-5599-67b6-83e11d5abce1
Chris Warren,Texas,RB,5.2,4.69,25,33,121,6.98,4.18,12.03,74,247,32,10,RB,RB29,https://www.nfl.com/prospects/chris-warren?id=32462018-0002-5601-7695-ef24f275c6d8
Josh Adams,Notre Dame,RB,5.15,,18,,,,,,74,213,33.75,9.25,RB,RB01,https://www.nfl.com/prospects/josh-adams?id=32462018-0002-5601-1355-07b08f35a7f0
Donnie Ernsberger,Western Michigan,RB,4.99,4.78,15,31,114,7.09,4.34,,75,241,31.625,9.75,RB,RB09,https://www.nfl.com/prospects/donnie-ernsberger?id=32462018-0002-5601-31fd-ee5572a8f02b
Lavon Coleman,Washington,RB,4.98,4.65,23,33,120,,,,71,215,30.5,9.25,RB,RB06,https://www.nfl.com/prospects/lavon-coleman?id=32462018-0002-5598-8482-6c416ebf398f
Ryan Nall,Oregon State,RB,4.98,4.58,15,33,122,6.95,4.16,11.57,74,232,31.5,10.5,RB,RB21,https://www.nfl.com/prospects/ryan-nall?id=32462018-0002-5602-3398-489802ebbc60
Jeff Wilson,North Texas,RB,4.94,,15,,,,,,71,210,31.5,9.25,RB,RB32,https://www.nfl.com/prospects/jeff-wilson?id=32462018-0002-5601-8948-b2a2794c6283
Demario Richard,Arizona State,RB,4.91,4.7,12,29.5,115,,,,69,218,28.75,9.25,RB,RB24,https://www.nfl.com/prospects/demario-richard?id=32462018-0002-5602-029d-d4daeaa1c6f4
Justin Crawford,West Virginia,RB,4.9,4.64,11,33.5,122,,,,71,199,32,9.125,RB,RB07,https://www.nfl.com/prospects/justin-crawford?id=32462018-0002-5598-7791-479593f0c0db
Kyle Hicks,TCU,RB,4.9,4.63,13,36.5,122,,,,70,204,32.5,9.5,RB,RB14,https://www.nfl.com/prospects/kyle-hicks?id=32462018-0002-5601-6565-d666f645d064
Kamryn Pettway,Auburn,RB,4.9,4.74,22,33.5,116,,,,72,233,31.25,9.5,RB,RB23,https://www.nfl.com/prospects/kamryn-pettway?id=32462018-0002-5601-674b-85950c8b2d89
Jarvion Franklin,Western Michigan,RB,4.88,4.63,18,30,109,6.93,4.31,11.81,71,239,31.25,9.25,RB,RB11,https://www.nfl.com/prospects/jarvion-franklin?id=32462018-0002-5601-37e3-ad73da7c88f4
Calvin Ridley,Alabama,WO,6.83,4.43,15,31,110,6.88,4.41,,72,189,31.625,9.125,WR,WO31,https://www.nfl.com/prospects/calvin-ridley?id=32462018-0002-5600-1177-bcdc902b08a4
Deon Cain,Clemson,WO,5.96,4.43,11,33.5,115,6.71,4.37,11.78,74,202,33,8.75,WR,WO04,https://www.nfl.com/prospects/deon-cain?id=32462018-0002-5601-476e-1c21b13a4045
Jordan Lasley,UCLA,WO,5.89,4.5,8,34.5,112,,4.19,,73,203,32.75,9.625,WR,WO19,https://www.nfl.com/prospects/jordan-lasley?id=32462018-0002-5602-08a4-e98177ae2c6f
Dante Pettis,Washington,WO,5.85,,,,,,,,72,186,32.25,9.5,WR,WO27,https://www.nfl.com/prospects/dante-pettis?id=32462018-0002-5600-2051-0c2c04e04ebb
Christian Kirk,Texas A&M,WO,5.83,4.47,20,35.5,115,7.09,4.45,12.03,70,201,30.375,9.875,WR,WO17,https://www.nfl.com/prospects/christian-kirk?id=32462018-0002-5600-14bf-edf102441a49
Courtland Sutton,SMU,WO,5.82,4.54,18,35.5,124,6.57,4.11,11.06,75,218,32.375,9.75,WR,WO36,https://www.nfl.com/prospects/courtland-sutton?id=32462018-0002-5600-18de-e88c26b17c1c
D.J. Chark,LSU,WO,5.79,4.34,16,40,129,,,,75,199,32.375,9.25,WR,WO08,https://www.nfl.com/prospects/d.j.-chark?id=32462018-0002-5599-1512-af2ae612016b
D.J. Moore,Maryland,WO,5.77,4.42,15,39.5,132,6.95,4.07,11.18,72,210,31.625,9.625,WR,WO25,https://www.nfl.com/prospects/d.j.-moore?id=32462018-0002-5602-31ed-ce270f370fe4
James Washington,Oklahoma State,WO,5.76,4.54,14,34.5,120,7.11,4.32,11.56,71,213,32.375,9.75,WR,WO39,https://www.nfl.com/prospects/james-washington?id=32462018-0002-5599-27dc-5f82fa873706
Michael Gallup,Colorado State,WO,5.72,4.51,10,36,122,6.95,4.37,11.84,73,205,31.5,9.25,WR,WO12,https://www.nfl.com/prospects/michael-gallup?id=32462018-0002-5598-51a4-797d9fa967ed
Keke Coutee,Texas Tech,WO,5.71,4.43,14,34.5,113,6.93,4.15,,70,181,29.875,8.375,WR,WO10,https://www.nfl.com/prospects/keke-coutee?id=32462018-0002-5601-5988-5a8f157c26e5
J'mon Moore,Missouri,WO,5.69,4.6,21,38,120,6.56,4.04,,75,207,32.875,9.375,WR,WO26,https://www.nfl.com/prospects/j'mon-moore?id=32462018-0002-5600-241e-b3b4f7f6d768
Anthony Miller,Memphis,WO,5.68,,22,,,,,,71,201,31.625,10.625,WR,WO23,https://www.nfl.com/prospects/anthony-miller?id=32462018-0002-5599-09cf-b942c8375e31
Antonio Callaway,Florida,WO,5.54,4.41,,34,121,,,,71,200,31.5,9.5,WR,WO05,https://www.nfl.com/prospects/antonio-callaway?id=32462018-0002-5601-48e6-bb3f7a8ed488
Daesean Hamilton,Penn State,WO,5.54,,,34.5,118,6.84,4.15,,73,203,31,9.375,WR,WO14,https://www.nfl.com/prospects/daesean-hamilton?id=32462018-0002-5600-196a-1006c37c4e42
Equanimeous St. Brown,Notre Dame,WO,5.54,4.48,20,,,,,,77,214,33,9.75,WR,WO35,https://www.nfl.com/prospects/equanimeous-st.brown?id=32462018-0002-5602-03f6-dbdbfff5cbea
Tre'quan Smith,UCF,WO,5.53,4.49,12,37.5,130,6.97,4.5,11.88,74,203,33.375,9.5,WR,WO34,https://www.nfl.com/prospects/tre'quan-smith?id=32462018-0002-5601-042f-d721c37d03cc
Marcell Ateman,Oklahoma State,WO,5.52,4.62,13,34,121,7.07,4.25,11.94,76,216,32.875,9.875,WR,WO01,https://www.nfl.com/prospects/marcell-ateman?id=32462018-0002-5599-3917-b5f5b680357e
Deontay Burnett,USC,WO,5.46,,,,,,,,72,186,31.5,8.625,WR,WO03,https://www.nfl.com/prospects/deontay-burnett?id=32462018-0002-5601-43ab-d025d76c4ea1
Cedrick Wilson,Boise State,WO,5.46,4.55,9,37,121,6.89,4.23,11.48,74,197,31.5,9.75,WR,WO43,https://www.nfl.com/prospects/cedrick-wilson?id=32462018-0002-5599-65f5-ba58a1d9d7a6
Auden Tate,Florida State,WO,5.43,4.68,,31,112,,,,77,228,33.75,9.375,WR,WO37,https://www.nfl.com/prospects/auden-tate?id=32462018-0002-5602-124d-61fa30de5b61
Quadree Henderson,Pittsburgh,WO,5.41,4.5,12,32.5,120,6.89,4.28,,68,192,29.5,9.875,WR,WO15,https://www.nfl.com/prospects/quadree-henderson?id=32462018-0002-5600-04d4-cfafc6e8256e
Darren Carrington Ii,Utah,WO,5.4,,,36,120,,,,74,199,32.75,10.375,WR,WO07,https://www.nfl.com/prospects/darren-carringtonii?id=32462018-0002-5598-63c9-d703651e8611
Braxton Berrios,Miami,WO,5.39,,11,,,,,,69,184,28,9.25,WR,WO02,https://www.nfl.com/prospects/braxton-berrios?id=32462018-0002-5599-6187-781cce2970bc
Allen Lazard,Iowa State,WO,5.39,4.55,17,38,122,,,,77,227,32.25,9.75,WR,WO20,https://www.nfl.com/prospects/allen-lazard?id=32462018-0002-5598-54b7-82a438b6b248
Simmie Cobbs,Indiana,WO,5.38,4.64,11,30,113,6.7,4.32,11.2,75,220,32,9.25,WR,WO09,https://www.nfl.com/prospects/simmie-cobbs?id=32462018-0002-5601-5678-ba8cd49b28f6
Jester Weah,Pittsburgh,WO,5.38,4.43,15,38,129,7.24,4.41,11.88,74,211,31.125,9.625,WR,WO40,https://www.nfl.com/prospects/jester-weah?id=32462018-0002-5599-9151-a13901df6215
Jake Wieneke,South Dakota State,WO,5.37,4.67,9,34,114,7.24,4.37,11.78,76,221,33,9.875,WR,WO42,https://www.nfl.com/prospects/jake-wieneke?id=32462018-0002-5598-52d4-39321504e3bd
Javon Wims,Georgia,WO,5.37,4.53,,33.5,113,7,,,75,215,31.5,9.25,WR,WO44,https://www.nfl.com/prospects/javon-wims?id=32462018-0002-5600-889e-860db0dfb6ed
Jaleel Scott,New Mexico State,WO,5.31,4.56,16,34.5,124,7.2,4.4,12.07,77,218,33.5,10.5,WR,WO33,https://www.nfl.com/prospects/jaleel-scott?id=32462018-0002-5598-5379-f1e4b2e2896b
Davon Grayson,ECU,WO,5.27,4.51,19,34.5,124,,,,73,199,31.375,9.375,WR,WO13,https://www.nfl.com/prospects/davon-grayson?id=32462018-0002-5601-573b-4197bcdadb4f
Byron Pringle,Kansas State,WO,5.26,4.46,15,33.5,120,6.87,4.4,,73,203,32,9.25,WR,WO29,https://www.nfl.com/prospects/byron-pringle?id=32462018-0002-5601-75c4-f7f5c3c54957
Richie James,Middle Tennessee,WO,5.23,4.48,6,35.5,122,6.87,4.16,11.44,70,183,31.25,9.25,WR,WO16,https://www.nfl.com/prospects/richie-james?id=32462018-0002-5601-698d-fa7f7c298f5d
Steven Mitchell,USC,WO,5.2,4.56,13,32.5,121,6.75,4.4,,70,189,30.375,9.375,WR,WO24,https://www.nfl.com/prospects/steven-mitchell?id=32462018-0002-5602-30c5-0cd365fe7b60
Marquez Valdes-Scantling,South Florida,WO,5.2,4.37,15,30.5,124,,,,76,206,32.25,10.25,WR,WO38,https://www.nfl.com/prospects/marquez-valdes-scantling?id=32462018-0002-5602-295b-f22af0b559c5
Robert Foster,Alabama,WO,5.15,4.41,,31,116,6.9,4.2,11.9,74,196,32.125,9.25,WR,WO11,https://www.nfl.com/prospects/robert-foster?id=32462018-0002-5601-3655-3601824b777a
Tavares Martin,Washington State,WO,5.14,4.8,,31.5,,,,,73,177,32.125,9.125,WR,WO21,https://www.nfl.com/prospects/tavares-martin?id=32462018-0002-5602-17ec-a294eadb0e3b
Trey Quinn,SMU,WO,5.13,4.55,17,33.5,116,6.91,4.19,11.4,71,203,30.75,10.125,WR,WO30,https://www.nfl.com/prospects/trey-quinn?id=32462018-0002-5601-808c-2275391f0ccd
Ka'raun White,West Virginia,WO,5.11,4.52,24,33.5,118,7.16,4.57,11.73,73,206,32.25,9.625,WR,WO41,https://www.nfl.com/prospects/ka'raun-white?id=32462018-0002-5601-07f1-b38bb70e64a5
Cam Phillips,Virginia Tech,WO,5.09,,,,,,,,72,201,30.5,8.875,WR,WO28,https://www.nfl.com/prospects/cam-phillips?id=32462018-0002-5599-6376-f01993bc94c0
Dylan Cantrell,Texas Tech,WO,4.98,4.59,18,38.5,130,6.56,4.03,10.85,75,226,31.375,9.25,WR,WO06,https://www.nfl.com/prospects/dylan-cantrell?id=32462018-0002-5601-49ad-2275bccf11b0
Korey Robertson,Southern Miss,WO,4.98,4.56,13,34,123,,,,73,212,32.875,9.125,WR,WO32,https://www.nfl.com/prospects/korey-robertson?id=32462018-0002-5602-14b2-1dd0567e87f3
Chris Lacy,Oklahoma State,WO,4.92,4.51,11,33.5,120,,,,75,205,31.25,9.75,WR,WO18,https://www.nfl.com/prospects/chris-lacy?id=32462018-0002-5602-0620-096872d7a989
Ray-Ray McCloud,Clemson,WO,4.84,4.53,13,34.5,113,,,,69,190,30.25,9.25,WR,WO22,https://www.nfl.com/prospects/ray-ray-mccloud?id=32462018-0002-5602-2213-8e72e85e661b
Mike Gesicki,Penn State,TE,5.9,4.54,22,41.5,129,6.76,4.1,11.33,77,247,34,10.125,TE,TE07,https://www.nfl.com/prospects/mike-gesicki?id=32462018-0002-5598-8955-096ca0282cf3
Hayden Hurst,South Carolina,TE,5.88,4.67,,31.5,120,7.19,4.37,12.15,76,250,32.125,9.75,TE,TE10,https://www.nfl.com/prospects/hayden-hurst?id=32462018-0002-5600-72f9-7623b6673aa8
Dallas Goedert,South Dakota State,TE,5.87,,23,,,,,,77,256,32.875,9.25,TE,TE08,https://www.nfl.com/prospects/dallas-goedert?id=32462018-0002-5598-50df-cbcb73dca454
Ian Thomas,Indiana,TE,5.82,4.74,,36,123,7.15,4.2,,76,259,34.125,11.5,TE,TE15,https://www.nfl.com/prospects/ian-thomas?id=32462018-0002-5598-49c6-a898fedcd981
Dalton Schultz,Stanford,TE,5.72,4.75,15,32,120,7,4.4,,77,244,31.75,9.25,TE,TE13,https://www.nfl.com/prospects/dalton-schultz?id=32462018-0002-5601-11b0-43f775014814
Mark Andrews,Oklahoma,TE,5.71,4.67,17,31,113,7.34,4.38,12.39,77,256,33.5,10.5,TE,TE02,https://www.nfl.com/prospects/mark-andrews?id=32462018-0002-5601-19d7-53b479c28c47
Durham Smythe,Notre Dame,TE,5.65,4.81,18,31,110,7.17,4.23,11.86,77,253,32.5,10.75,TE,TE14,https://www.nfl.com/prospects/durham-smythe?id=32462018-0002-5598-6939-e96cd0ea83be
Tyler Conklin,Central Michigan,TE,5.62,4.8,18,38,120,7.13,4.23,11.43,75,254,33.25,9.75,TE,TE04,https://www.nfl.com/prospects/tyler-conklin?id=32462018-0002-5599-03c5-fbb5166a2d07
Chris Herndon,Miami,TE,5.57,,21,,,,,,76,253,32.75,9.75,TE,TE09,https://www.nfl.com/prospects/chris-herndon?id=32462018-0002-5599-6874-f5b8098699ef
Will Dissly,Washington,TE,5.56,4.87,15,28,111,7.07,4.4,12.12,76,262,32,10.25,TE,TE05,https://www.nfl.com/prospects/will-dissly?id=32462018-0002-5601-229c-0df1bc282abe
Ryan Izzo,Florida State,TE,5.54,4.94,18,33,110,7.15,4.43,12.15,77,256,31.375,9.25,TE,TE11,https://www.nfl.com/prospects/ryan-izzo?id=32462018-0002-5601-0594-a3fedd573c18
Jaylen Samuels,NC State,TE,5.48,4.54,18,34.5,121,6.93,4.28,,71,225,31.25,9.5,TE,TE12,https://www.nfl.com/prospects/jaylen-samuels?id=32462018-0002-5599-3042-1fab298cb54e
Jordan Akins,UCF,TE,5.43,,,,,,,,75,249,32.5,9.5,TE,TE01,https://www.nfl.com/prospects/jordan-akins?id=32462018-0002-5601-08d8-43b2a4ee16b1
Troy Fumagalli,Wisconsin,TE,5.38,,14,,,,,,77,247,34.125,10.25,TE,TE06,https://www.nfl.com/prospects/troy-fumagalli?id=32462018-0002-5599-55a9-fd6733deb626
Jordan Thomas,Mississippi State,TE,5.22,4.74,16,27,111,7.5,4.75,,77,265,32.25,9.625,TE,TE16,https://www.nfl.com/prospects/jordan-thomas?id=32462018-0002-5600-4939-3aec43b4d65b
David Wells,San Diego State,TE,5.05,4.75,20,33,116,7.5,4.59,12.41,78,256,32.25,9.625,TE,TE17,https://www.nfl.com/prospects/david-wells?id=32462018-0002-5598-65fe-0543a0ce6e5c
Marcus Baugh,Ohio State,TE,4.92,4.81,,33,117,7.28,4.51,12.06,75,247,33,9.5,TE,TE03,https://www.nfl.com/prospects/marcus-baugh?id=32462018-0002-5598-8520-738df7ecbe02
Quenton Nelson,Notre Dame,OL,7.4,,35,26.5,105,7.65,4.62,,77,325,33.75,10.375,G,OL26,https://www.nfl.com/prospects/quenton-nelson?id=32462018-0002-5599-486f-d1010a40f61a
Orlando Brown,Oklahoma,OL,6.12,5.85,14,19.5,82,7.87,5.38,,80,345,35,9.75,OT,OL03,https://www.nfl.com/prospects/orlando-brown?id=32462018-0002-5598-966e-c097dcfe7190
Will Hernandez,UTEP,OL,6.11,5.15,37,24,104,7.59,4.7,,74,327,32,9.875,G,OL16,https://www.nfl.com/prospects/will-hernandez?id=32462018-0002-5598-2873-8029092a1ebf
Isaiah Wynn,Georgia,OL,6.11,,,,,,,,75,313,33.375,8.5,G,OL48,https://www.nfl.com/prospects/isaiah-wynn?id=32462018-0002-5598-29a6-795bdc903bc6
James Daniels,Iowa,OL,6,,21,30.5,108,7.29,4.4,,75,306,33.75,9.5,C,OL10,https://www.nfl.com/prospects/james-daniels?id=32462018-0002-5600-48e1-4044bbc76ad1
Connor Williams,Texas,OL,5.93,5.05,26,34,112,7.83,4.63,,77,296,33,10.5,OT,OL47,https://www.nfl.com/prospects/connor-williams?id=32462018-0002-5600-1711-baf493b722cd
Billy Price,Ohio State,OL,5.9,,,,,,,,76,305,32,9.75,C,OL33,https://www.nfl.com/prospects/billy-price?id=32462018-0002-5599-11cc-88054ff74390
Mike McGlinchey,Notre Dame,OL,5.89,,24,28.5,105,,,,80,309,34,10,OT,OL24,https://www.nfl.com/prospects/mike-mcglinchey?id=32462018-0002-5598-91ce-2f09d2edeb35
Jamarco Jones,Ohio State,OL,5.86,5.5,,24,102,8.32,4.99,,76,299,35.125,9.5,OT,OL17,https://www.nfl.com/prospects/jamarco-jones?id=32462018-0002-5599-2651-ea246beb2799
Martinas Rankin,Mississippi State,OL,5.76,,24,,,,,,76,308,33.75,10.125,OL,OL36,https://www.nfl.com/prospects/martinas-rankin?id=32462018-0002-5601-845a-acb4f8dd89a0
Frank Ragnow,Arkansas,OL,5.75,,26,,,,,,77,312,33.125,9.375,C,OL35,https://www.nfl.com/prospects/frank-ragnow?id=32462018-0002-5598-2498-7d09b5e02409
Brian O'Neill,Pittsburgh,OL,5.71,4.82,22,29.5,107,7.14,4.5,,79,297,34.125,9.375,OT,OL29,https://www.nfl.com/prospects/brian-o'neill?id=32462018-0002-5601-12da-65ed51810c59
Tyrell Crosby,Oregon,OL,5.69,5.23,17,30,105,7.89,4.77,,77,309,35.25,10.75,OT,OL09,https://www.nfl.com/prospects/tyrell-crosby?id=32462018-0002-5598-36fb-6806d79bf655
Kolton Miller,UCLA,OL,5.67,4.95,24,31.5,121,7.34,4.49,,81,309,34.125,10.75,OT,OL25,https://www.nfl.com/prospects/kolton-miller?id=32462018-0002-5602-2851-0259114994f8
Austin Corbett,Nevada,OL,5.65,5.15,19,28,106,7.87,4.5,,76,306,33.125,10.5,G,OL08,https://www.nfl.com/prospects/austin-corbett?id=32462018-0002-5598-32d0-cae9da7b0ed8
Braden Smith,Auburn,OL,5.65,5.22,35,33.5,113,,4.77,,78,315,32.25,9.375,G,OL40,https://www.nfl.com/prospects/braden-smith?id=32462018-0002-5600-4269-a0395d5daaf3
Joseph Noteboom,TCU,OL,5.62,4.96,27,24,102,7.65,4.44,,77,309,34.375,9.625,OT,OL27,https://www.nfl.com/prospects/joseph-noteboom?id=32462018-0002-5598-41da-500c69ebbff9
Will Richardson,NC State,OL,5.61,5.26,,31.5,108,7.8,4.83,,78,306,35.25,9.875,OT,OL37,https://www.nfl.com/prospects/will-richardson?id=32462018-0002-5602-059f-73592c875e10
Chukwuma Okorafor,Western Michigan,OL,5.6,5.31,19,23.5,102,7.87,4.8,,78,320,34.5,10.25,OT,OL28,https://www.nfl.com/prospects/chukwuma-okorafor?id=32462018-0002-5598-6097-6a0cb1996550
Mason Cole,Michigan,OL,5.56,5.23,23,23.5,104,7.77,4.78,,76,307,32.125,9.625,C,OL07,https://www.nfl.com/prospects/mason-cole?id=32462018-0002-5600-8995-5da6060a8db7
Jamil Demby,Maine,OL,5.54,5.58,17,23.5,98,7.86,4.95,,76,319,33.75,10.75,G,OL11,https://www.nfl.com/prospects/jamil-demby?id=32462018-0002-5601-18dd-252c254d83fe
Geron Christian,Louisville,OL,5.53,5.33,19,,,,,,77,298,35,10.75,OT,OL05,https://www.nfl.com/prospects/geron-christian?id=32462018-0002-5601-5322-e972be96c146
Timon Parris,Stony Brook,OL,5.51,,27,,,,,,78,312,33.875,9.375,OT,OL31,https://www.nfl.com/prospects/timon-parris?id=32462018-0002-5598-373c-b211b226077b
Desmond Harrison,West Georgia,OL,5.49,4.9,,,,,,,78,292,34,10.375,OT,OL14,https://www.nfl.com/prospects/desmond-harrison?id=32462018-0002-5598-6694-4117d81ad24e
Colby Gossett,Appalachian State,OL,5.48,5.2,32,25,103,7.6,4.83,,77,311,33.875,10.875,G,OL13,https://www.nfl.com/prospects/colby-gossett?id=32462018-0002-5599-69ac-1a08b0d7bf0b
Jaryd Jones-Smith,Pittsburgh,OL,5.45,5.22,16,27,109,8.1,4.94,,78,317,36.25,10.25,OT,OL19,https://www.nfl.com/prospects/jaryd-jones-smith?id=32462018-0002-5599-8875-8244f9d9373a
Scott Quessenberry,UCLA,OL,5.44,5.09,25,33.5,111,7.5,4.69,,76,310,31.75,9.75,C,OL34,https://www.nfl.com/prospects/scott-quessenberry?id=32462018-0002-5601-77de-e18c2b82a0ab
Alex Cappa,Humboldt State,OL,5.42,5.39,24,26.5,97,8.04,4.84,,78,305,32.625,9.25,OT,OL04,https://www.nfl.com/prospects/alex-cappa?id=32462018-0002-5599-56a8-5a365a15c99c
Wyatt Teller,Virginia Tech,OL,5.42,5.24,30,29,114,7.45,4.84,,76,314,34,10.25,G,OL42,https://www.nfl.com/prospects/wyatt-teller?id=32462018-0002-5598-34ee-fdb0a7ca0c59
Toby Weathersby,LSU,OL,5.4,5.34,28,24.5,106,8.55,5.38,,76,317,33.25,10.25,OT,OL45,https://www.nfl.com/prospects/toby-weathersby?id=32462018-0002-5601-79cd-1afd28c6cd12
Cole Madison,Washington State,OL,5.39,5.33,26,28.5,97,7.86,4.88,,77,308,32.25,10.375,OL,OL21,https://www.nfl.com/prospects/cole-madison?id=32462018-0002-5598-38db-9933d4c8e0b2
Sean Welsh,Iowa,OL,5.37,5.43,20,25,103,7.9,4.81,,75,306,32,10.25,C,OL46,https://www.nfl.com/prospects/sean-welsh?id=32462018-0002-5598-25f0-55337d3f774b
Skyler Phillips,Idaho State,OL,5.36,5.1,,29,104,7.95,4.69,,75,318,33,9.5,G,OL32,https://www.nfl.com/prospects/skyler-phillips?id=32462018-0002-5598-30d9-890d2354507a
Brandon Parker,North Carolina A&T,OL,5.35,5.4,,28.5,113,7.82,4.68,,80,305,35,9.75,OT,OL30,https://www.nfl.com/prospects/brandon-parker?id=32462018-0002-5598-409f-6f5ebf25e92c
Will Clapp,LSU,OL,5.34,5.39,25,29,97,8.04,4.92,,76,311,31.25,9.625,C,OL06,https://www.nfl.com/prospects/will-clapp?id=32462018-0002-5601-55d3-59e994b51e34
Taylor Hearn,Clemson,OL,5.32,5.45,18,24,96,7.84,4.8,,76,320,32.5,8.75,G,OL15,https://www.nfl.com/prospects/taylor-hearn?id=32462018-0002-5601-00b7-4af0977eb780
Brian Allen,Michigan State,OL,5.26,5.34,27,26.5,99,7.81,4.71,,73,298,32.375,9.25,C,OL01,https://www.nfl.com/prospects/brian-allen?id=32462018-0002-5598-26c7-46be083be116
Brett Toth,Army,OL,5.24,,,,,,,,78,291,33.375,10.25,OT,OL43,https://www.nfl.com/prospects/brett-toth?id=32462018-0002-5599-628f-9b5fa42ee17f
K.J. Malone,LSU,OL,5.16,5.34,15,29.5,103,,,,76,303,33.5,9.25,G,OL22,https://www.nfl.com/prospects/k.j.-malone?id=32462018-0002-5602-1519-2bb04f684b4c
David Bright,Stanford,OL,5.15,,,,,,,,77,307,33.25,10.25,OT,OL02,https://www.nfl.com/prospects/david-bright?id=32462018-0002-5601-346e-036f54edaaef
Nick Gates,Nebraska,OL,5,5.46,20,24,94,7.61,4.68,,77,307,32,10.25,OT,OL12,https://www.nfl.com/prospects/nick-gates?id=32462018-0002-5601-454d-61e6f63f3a74
Coleman Shelton,Washington,OL,5,5.24,,26.5,110,7.62,4.59,,75,292,31.5,8.5,C,OL39,https://www.nfl.com/prospects/coleman-shelton?id=32462018-0002-5598-6138-e6d98d0654cb
Rod Taylor,Mississippi,OL,5,5.24,,30.5,99,,,,75,320,34.25,9.75,OT,OL41,https://www.nfl.com/prospects/rod-taylor?id=32462018-0002-5602-13b2-56b32ee0a033
Rick Leonard,Florida State,OL,4.98,,19,,,,,,79,311,32.25,9.25,OT,OL20,https://www.nfl.com/prospects/rick-leonard?id=32462018-0002-5602-10ce-6d4baf4f3ecc
Sam Jones,Arizona State,OL,4.96,5.32,28,27,101,7.92,4.86,,77,305,31,9.5,G,OL18,https://www.nfl.com/prospects/sam-jones?id=32462018-0002-5601-8194-3ee1cf322b9a
Greg Senat,Wagner,OL,4.94,5.38,19,26,106,7.41,4.71,,78,302,34.875,9.875,OT,OL38,https://www.nfl.com/prospects/greg-senat?id=32462018-0002-5599-82ad-c5d79b4d89a4
KC McDermott,Miami,OL,4.9,5.35,26,23.5,97,7.72,4.82,,78,311,32.5,9.75,G,OL23,https://www.nfl.com/prospects/kc-mcdermott?id=32462018-0002-5598-79b7-f6c1c354db5f
Salesi Uhatafe,Utah,OL,4.89,5.4,,28,109,7.7,4.9,,77,310,33,10.25,G,OL44,https://www.nfl.com/prospects/salesi-uhatafe?id=32462018-0002-5600-77f0-5fec49ea9ef1
Bradley Chubb,NC State,DL,7.25,4.65,24,36,121,7.37,4.41,,76,269,34,9.875,DE,DL28,https://www.nfl.com/prospects/bradley-chubb?id=32462018-0002-5600-4365-bb46dbbd3505
Vita Vea,Washington,DL,6.55,5.1,41,,,,,,76,347,32.625,10,DT,DL22,https://www.nfl.com/prospects/vita-vea?id=32462018-0002-5598-10ff-6ad4a5ede8ef
Da'ron Payne,Alabama,DL,6.5,4.95,27,28.5,107,7.58,4.71,,74,311,33,9.375,DT,DL15,https://www.nfl.com/prospects/da'ron-payne?id=32462018-0002-5600-68ba-6b48873dba9b
Taven Bryan,Florida,DL,6.35,4.98,30,35,119,7.12,4.48,,76,291,32.75,9.75,DT,DL02,https://www.nfl.com/prospects/taven-bryan?id=32462018-0002-5601-4019-7ec2f41a69d1
Tim Settle,Virginia Tech,DL,6.17,5.37,,23.5,96,7.95,4.83,,75,329,33,9.125,DT,DL18,https://www.nfl.com/prospects/tim-settle?id=32462018-0002-5601-905d-2aba6fe19f35
Harold Landry,Boston College,DL,6.15,4.64,24,36,119,6.88,4.19,11.35,75,252,32.875,9.375,EDGE,DL39,https://www.nfl.com/prospects/harold-landry?id=32462018-0002-5599-235e-089f5c1b4e99
Rasheem Green,USC,DL,6.05,4.73,,32.5,118,7.24,4.39,,77,275,33.75,9.875,DE,DL05,https://www.nfl.com/prospects/rasheem-green?id=32462018-0002-5601-5854-2afb70ec5847
Maurice Hurst,Michigan,DL,6,,,,,,,,74,292,32,9.5,DT,DL08,https://www.nfl.com/prospects/maurice-hurst?id=32462018-0002-5598-8798-e46b4c7bd5a7
Marcus Davenport,UTSA,DL,5.89,4.58,22,33.5,124,7.2,4.41,,78,264,33.625,9.125,DE,DL29,https://www.nfl.com/prospects/marcus-davenport?id=32462018-0002-5598-1759-f09cd314cad6
Harrison Phillips,Stanford,DL,5.86,5.21,42,32,103,7.28,4.5,,76,307,33.875,10.375,DT,DL16,https://www.nfl.com/prospects/harrison-phillips?id=32462018-0002-5600-691a-386214c1981a
Arden Key,LSU,DL,5.86,,,31,117,7.16,4.25,,78,238,33.5,10,EDGE,DL38,https://www.nfl.com/prospects/arden-key?id=32462018-0002-5600-7475-e8bb743e201f
Dorance Armstrong,Kansas,DL,5.82,4.87,20,30,118,7.12,4.23,11.82,76,257,34.75,10,EDGE,DL25,https://www.nfl.com/prospects/dorance-armstrong?id=32462018-0002-5601-24fd-f6cb2cf8a920
Da'shawn Hand,Alabama,DL,5.73,4.83,28,31.5,111,7.98,4.62,,76,297,34.375,9.75,DE,DL34,https://www.nfl.com/prospects/da'shawn-hand?id=32462018-0002-5600-968c-efc567176296
Jalyn Holmes,Ohio State,DL,5.71,4.82,25,32,,,,,77,283,34,10,DE,DL36,https://www.nfl.com/prospects/jalyn-holmes?id=32462018-0002-5598-74ca-33218d440ac2
Sam Hubbard,Ohio State,DL,5.7,,,35,116,6.84,4.32,11.61,77,270,33.125,10,DE,DL37,https://www.nfl.com/prospects/sam-hubbard?id=32462018-0002-5599-009b-acee40a56645
Derrick Nnadi,Florida State,DL,5.69,5.38,25,27,96,8.15,5.02,,73,317,33.5,9.875,DT,DL13,https://www.nfl.com/prospects/derrick-nnadi?id=32462018-0002-5598-1230-5674da00b00d
R.J. McIntosh,Miami,DL,5.68,,,,,,,,76,286,33.875,9.375,DT,DL43,https://www.nfl.com/prospects/r.j.-mcintosh?id=32462018-0002-5602-259c-922e99813935
Foley Fatukasi,Connecticut,DL,5.67,5.29,33,30,112,7.44,4.53,,76,318,34.125,10.25,DT,DL03,https://www.nfl.com/prospects/foley-fatukasi?id=32462018-0002-5599-79ae-ee18a60303d9
Chad Thomas,Miami,DL,5.67,4.92,,29,116,,,,78,281,33.5,10.25,DE,DL49,https://www.nfl.com/prospects/chad-thomas?id=32462018-0002-5599-6684-11680216f757
Nathan Shepherd,Fort Hays State,DL,5.64,5.09,,31,112,7.5,4.53,,77,315,32.375,10.125,DT,DL19,https://www.nfl.com/prospects/nathan-shepherd?id=32462018-0002-5598-92f8-36ce2fecd601
Marquis Haynes,Mississippi,DL,5.61,4.67,23,32,123,7.14,4.45,,75,235,33.25,10,EDGE,DL35,https://www.nfl.com/prospects/marquis-haynes?id=32462018-0002-5600-3280-16ad10cae69e
Breeland Speaks,Mississippi,DL,5.61,4.87,,32.5,110,7.63,4.65,,75,283,33.75,9.875,DT,DL46,https://www.nfl.com/prospects/breeland-speaks?id=32462018-0002-5600-13af-b3aba25676ae
Kendrick Norton,Miami,DL,5.56,5.25,30,,,,,,75,314,33.75,10.75,DT,DL14,https://www.nfl.com/prospects/kendrick-norton?id=32462018-0002-5602-364e-9669921073d4
Taylor Stallworth,South Carolina,DL,5.56,5.28,18,23.5,101,7.95,4.75,,74,312,32.5,10.25,DT,DL20,https://www.nfl.com/prospects/taylor-stallworth?id=32462018-0002-5602-04b0-ce97784b5e8c
Trenton Thompson,Georgia,DL,5.53,5.06,,32.5,111,7.68,4.56,,76,288,34,10.625,DT,DL21,https://www.nfl.com/prospects/trenton-thompson?id=32462018-0002-5602-1966-a3735e6f17bc
Duke Ejiofor,Wake Forest,DL,5.53,,,,,,,,76,264,34.875,9.75,DE,DL31,https://www.nfl.com/prospects/duke-ejiofor?id=32462018-0002-5598-6830-88c6e5e5499d
Tyquan Lewis,Ohio State,DL,5.53,,,35.5,122,,,,75,265,33,10.375,EDGE,DL40,https://www.nfl.com/prospects/tyquan-lewis?id=32462018-0002-5599-0467-b58ef489095c
Deadrin Senat,South Florida,DL,5.5,5.16,35,26,100,7.77,4.79,,72,314,31.625,9.75,DT,DL17,https://www.nfl.com/prospects/deadrin-senat?id=32462018-0002-5598-1435-7f170a740bc1
Josh Sweat,Florida State,DL,5.5,4.53,,39.5,124,,4.28,,76,251,34.625,10.25,EDGE,DL48,https://www.nfl.com/prospects/josh-sweat?id=32462018-0002-5598-16eb-a8d5fb71f685
John Franklin-Myers,Stephen F. Austin,DL,5.47,4.75,26,33,113,7.36,4.48,,76,283,32.875,10,DE,DL33,https://www.nfl.com/prospects/john-franklin-myers?id=32462018-0002-5601-3962-fcfe2ee52f31
Andrew Brown,Virginia,DL,5.43,5.03,31,28,101,7.51,4.48,,76,296,34.5,9.375,DE,DL27,https://www.nfl.com/prospects/andrew-brown?id=32462018-0002-5599-0745-d550ea474577
B.J. Hill,NC State,DL,5.42,4.99,35,26.5,101,7.28,4.53,,76,311,33,10.625,DT,DL07,https://www.nfl.com/prospects/b.j.-hill?id=32462018-0002-5598-5795-fcf41887ca3c
Ja'von Rolland-Jones,Arkansas State,DL,5.42,4.88,23,,,,,,74,253,32.75,10.125,EDGE,DL44,https://www.nfl.com/prospects/ja'von-rolland-jones?id=32462018-0002-5599-29b1-5604dd810b74
Eddy Wilson,Purdue,DL,5.41,5.37,26,,96,,,,76,301,33.875,9.375,DT,DL23,https://www.nfl.com/prospects/eddy-wilson?id=32462018-0002-5601-8892-d12c88d99d43
Hercules Mata'afa,Washington State,DL,5.4,4.76,26,31.5,108,7.24,4.37,,73,254,31.5,10.25,EDGE,DL42,https://www.nfl.com/prospects/hercules-mata'afa?id=32462018-0002-5602-20b9-415fb43c6d11
Zaycoven Henderson,Texas A&M,DL,5.37,5.16,20,29.5,105,7.33,4.58,,72,298,32.75,9.75,DT,DL06,https://www.nfl.com/prospects/zaycoven-henderson?id=32462018-0002-5598-1377-d47c3e49cdf9
Kylie Fitts,Utah,DL,5.35,4.69,31,32.5,117,6.88,4.19,11.82,76,263,33,9.5,EDGE,DL32,https://www.nfl.com/prospects/kylie-fitts?id=32462018-0002-5598-079b-d547fbe41b3d
Trevon Young,Louisville,DL,5.34,4.78,25,33,114,6.99,4.4,11.6,76,258,33.75,10,EDGE,DL52,https://www.nfl.com/prospects/trevon-young?id=32462018-0002-5602-01b5-1dfd1232d4f7
Justin Jones,NC State,DL,5.33,5.09,24,29,104,7.82,4.74,,74,309,33.5,10,DT,DL09,https://www.nfl.com/prospects/justin-jones?id=32462018-0002-5598-7816-2d5d90820cb5
John Atkins,Georgia,DL,5.24,5.38,,24,89,7.95,4.75,,76,321,34,9.25,DT,DL01,https://www.nfl.com/prospects/john-atkins?id=32462018-0002-5601-27cc-c32ff4c8f625
Anthony Winbush,Ball State,DL,5.24,,25,,110,,,,73,249,32.125,9.25,EDGE,DL51,https://www.nfl.com/prospects/anthony-winbush?id=32462018-0002-5601-92d9-19accabab730
Matt Dickerson,UCLA,DL,5.22,5.06,26,31,,,,,76,292,33.25,10,DE,DL30,https://www.nfl.com/prospects/matt-dickerson?id=32462018-0002-5601-20fb-354b58bbccf0
Jojo Wicker,Arizona State,DL,5.22,5.16,25,30,105,,,,75,296,31.75,9.125,DE,DL50,https://www.nfl.com/prospects/jojo-wicker?id=32462018-0002-5601-83a1-df531ed69b84
Ade Aruna,Tulane,DL,5.2,4.6,18,38.5,128,7.53,4.48,,78,262,34,10.625,DE,DL26,https://www.nfl.com/prospects/ade-aruna?id=32462018-0002-5601-26b9-e47c2ccf5aa8
Lowell Lotulelei,Utah,DL,5.15,,28,,,,,,74,315,33,9.625,DT,DL10,https://www.nfl.com/prospects/lowell-lotulelei?id=32462018-0002-5598-15ae-f7cd99a2205a
James Looney,California,DL,5.15,4.89,28,35.5,113,7.32,4.37,,75,287,32,10.5,DE,DL41,https://www.nfl.com/prospects/james-looney?id=32462018-0002-5598-08e0-62e13ecdbbe0
Kahlil McKenzie,Tennessee,DL,5.12,5.15,26,29.5,105,7.94,4.68,,77,314,31.5,10.125,DT,DL11,https://www.nfl.com/prospects/kahlil-mckenzie?id=32462018-0002-5602-26f0-b52082e52bcb
Ola Adeniyi,Toledo,DL,5.12,4.83,26,31.5,,7.21,4.28,12.79,74,248,31.75,9.625,EDGE,DL24,https://www.nfl.com/prospects/ola-adeniyi?id=32462018-0002-5601-14ef-8158a6d98666
Olubunmi Rotimi,Old Dominion,DL,5.03,,21,32,113,7.46,4.7,,76,273,34.875,9.75,DE,DL45,https://www.nfl.com/prospects/olubunmi-rotimi?id=32462018-0002-5602-184b-70d8c9ad3e2d
Bilal Nichols,Delaware,DL,5,4.95,29,,,,,,76,306,33.375,10.25,DT,DL12,https://www.nfl.com/prospects/bilal-nichols?id=32462018-0002-5599-107c-179b09c5e822
Kentavius Street,NC State,DL,4.97,4.87,28,,,,,,74,280,32.875,10.25,DE,DL47,https://www.nfl.com/prospects/kentavius-street?id=32462018-0002-5598-8182-045fdebaf683
Joshua Frazier,Alabama,DL,4.95,,21,,,,,,76,321,34.25,10,DT,DL04,https://www.nfl.com/prospects/joshua-frazier?id=32462018-0002-5601-4414-b923e4e052f4
Tremaine Edmunds,Virginia Tech,LB,7.28,4.54,19,,117,,,,77,253,34.5,9.375,LB,LB12,https://www.nfl.com/prospects/tremaine-edmunds?id=32462018-0002-5600-62d0-412c60099aca
Roquan Smith,Georgia,LB,6.56,4.51,,,,,,,73,236,32,10,OLB,LB35,https://www.nfl.com/prospects/roquan-smith?id=32462018-0002-5598-99bf-307c92f2ffbe
Rashaan Evans,Alabama,LB,6.22,,,30,116,6.95,4.36,,75,232,32.25,10,LB,LB13,https://www.nfl.com/prospects/rashaan-evans?id=32462018-0002-5600-737b-93a2d4fa1f16
Leighton Vander Esch,Boise State,LB,6.18,4.65,20,39.5,124,6.88,4.15,11.57,76,256,33.875,9.75,ILB,LB38,https://www.nfl.com/prospects/leighton-vanderesch?id=32462018-0002-5602-32a6-0b4e5b5e883e
Darius Leonard,South Carolina State,LB,5.87,4.7,17,,,,,,74,234,34.375,10.25,OLB,LB25,https://www.nfl.com/prospects/darius-leonard?id=32462018-0002-5598-185a-4784aff66bfa
Kemoko Turay,Rutgers,LB,5.87,4.65,,,,,,,77,253,33.375,9.625,EDGE,LB37,https://www.nfl.com/prospects/kemoko-turay?id=32462018-0002-5599-9667-00031057c4e6
Lorenzo Carter,Georgia,LB,5.85,4.5,,36,130,,,,78,250,34,10.375,EDGE,LB07,https://www.nfl.com/prospects/lorenzo-carter?id=32462018-0002-5601-5036-eb588e2850ea
Jerome Baker,Ohio State,LB,5.71,4.53,22,36.5,126,,,,73,229,31.5,10.375,OLB,LB02,https://www.nfl.com/prospects/jerome-baker?id=32462018-0002-5601-29d4-3b922ef6c9a1
Jeff Holland,Auburn,LB,5.71,4.79,,,116,,,,74,249,33.5,10.5,EDGE,LB17,https://www.nfl.com/prospects/jeff-holland?id=32462018-0002-5601-723b-a43b12dbffb8
Tegray Scales,Indiana,LB,5.68,4.77,27,,,,,,72,230,30.75,8.625,ILB,LB33,https://www.nfl.com/prospects/tegray-scales?id=32462018-0002-5600-0973-e994fa949f6b
Josey Jewell,Iowa,LB,5.65,4.82,18,33,117,6.8,4.27,11.52,73,234,32,10,ILB,LB22,https://www.nfl.com/prospects/josey-jewell?id=32462018-0002-5598-194c-8a71e8b56260
Uchenna Nwosu,USC,LB,5.62,4.65,20,32,119,,,,75,251,33.625,9,EDGE,LB28,https://www.nfl.com/prospects/uchenna-nwosu?id=32462018-0002-5598-2181-9b5d8784d158
Ogbonnia Okoronkwo,Oklahoma,LB,5.6,4.77,27,38,121,,,,73,253,33.75,9,EDGE,LB30,https://www.nfl.com/prospects/ogbonnia-okoronkwo?id=32462018-0002-5599-45e1-8076208eae71
Christian Sam,Arizona State,LB,5.6,4.75,28,32,114,7.03,4.25,,74,244,31.5,10,ILB,LB32,https://www.nfl.com/prospects/christian-sam?id=32462018-0002-5601-66da-cb1e44864cc4
Fred Warner,BYU,LB,5.58,4.64,21,38.5,119,6.9,4.28,11.77,75,236,32,9.75,OLB,LB40,https://www.nfl.com/prospects/fred-warner?id=32462018-0002-5598-7034-bca46ac621ee
Malik Jefferson,Texas,LB,5.55,4.52,27,36,125,,,,75,236,32,9.625,OLB,LB21,https://www.nfl.com/prospects/malik-jefferson?id=32462018-0002-5601-7169-57484f480eff
Leon Jacobs,Wisconsin,LB,5.45,4.48,26,34.5,122,7.14,4.44,12.15,75,246,33.5,9.625,EDGE,LB20,https://www.nfl.com/prospects/leon-jacobs?id=32462018-0002-5599-36c5-f1746f05c67c
Mike McCray,Michigan,LB,5.45,4.76,16,31.5,119,7.09,4.25,11.61,76,243,32.625,9.125,ILB,LB26,https://www.nfl.com/prospects/mike-mccray?id=32462018-0002-5598-9071-7670d287d31c
Shaquem Griffin,UCF,LB,5.4,4.38,20,,117,,,,73,227,32.125,9,OLB,LB14,https://www.nfl.com/prospects/shaquem-griffin?id=32462018-0002-5600-3553-5235eb2e3419
Micah Kiser,Virginia,LB,5.4,4.66,,35.5,121,7.05,4.24,,74,238,32,9.375,ILB,LB24,https://www.nfl.com/prospects/micah-kiser?id=32462018-0002-5598-88b5-b670384392ed
Dorian O'Daniel,Clemson,LB,5.38,4.61,21,32,119,6.64,4.07,,73,223,31.125,9,OLB,LB29,https://www.nfl.com/prospects/dorian-o'daniel?id=32462018-0002-5600-8621-73a6c585764a
Andre Smith,North Carolina,LB,5.37,4.63,19,,,,,,72,237,33.125,10,ILB,LB34,https://www.nfl.com/prospects/andre-smith?id=32462018-0002-5601-93c1-4a43fed05205
Jack Cichy,Wisconsin,LB,5.36,,18,,,,,,74,238,32.125,9.5,ILB,LB08,https://www.nfl.com/prospects/jack-cichy?id=32462018-0002-5601-5463-08cf6a6a2b2a
Oren Burks,Vanderbilt,LB,5.33,4.59,18,39.5,131,6.82,4.15,,75,233,33.375,9.125,OLB,LB05,https://www.nfl.com/prospects/oren-burks?id=32462018-0002-5601-419e-39862d10c2d8
Genard Avery,Memphis,LB,5.32,4.59,26,36,124,6.9,4.36,,73,248,31,10.125,ILB,LB01,https://www.nfl.com/prospects/genard-avery?id=32462018-0002-5601-28e1-e2b71a3881c8
James Hearns,Louisville,LB,5.31,4.89,22,,,,,,75,239,32.5,9.375,EDGE,LB16,https://www.nfl.com/prospects/james-hearns?id=32462018-0002-5601-63ee-ece7e460c8b9
Peter Kalambayi,Stanford,LB,5.26,4.57,19,34,121,7.13,4.36,,75,252,33.5,9,EDGE,LB23,https://www.nfl.com/prospects/peter-kalambayi?id=32462018-0002-5601-85eb-03572c750023
Keishawn Bierria,Washington,LB,5.23,4.79,21,30.5,117,7.26,,,74,230,31.125,9.375,ILB,LB04,https://www.nfl.com/prospects/keishawn-bierria?id=32462018-0002-5598-20bc-3ae188ee7f79
Chris Covington,Indiana,LB,5.2,4.78,23,,,,,,74,245,32.5,9.25,OLB,LB09,https://www.nfl.com/prospects/chris-covington?id=32462018-0002-5601-613e-4cd9f2ef6a42
Shaun Dion Hamilton,Alabama,LB,5.19,,20,,,,,,72,228,31,10.25,ILB,LB15,https://www.nfl.com/prospects/shaundion-hamilton?id=32462018-0002-5600-07bf-34f3d8e28f9c
Darius Jackson,Jacksonville State,LB,5.19,4.87,21,26.5,113,7.52,,,75,242,32,9.125,EDGE,LB19,https://www.nfl.com/prospects/darius-jackson?id=32462018-0002-5601-60a4-61f6bc9ab4ef
Skai Moore,South Carolina,LB,5.17,4.73,,36,117,,,,74,226,32,9.375,OLB,LB27,https://www.nfl.com/prospects/skai-moore?id=32462018-0002-5600-087b-25ff1584a982
Matthew Thomas,Florida State,LB,5.16,4.58,,41.5,131,6.85,4.28,,75,232,33,8.875,OLB,LB36,https://www.nfl.com/prospects/matthew-thomas?id=32462018-0002-5598-86e2-43ff05f442ff
Kenny Young,UCLA,LB,5.16,4.6,23,36,117,7.38,4.48,,73,236,32.375,9.5,ILB,LB42,https://www.nfl.com/prospects/kenny-young?id=32462018-0002-5598-2216-e9abb7b4226a
Chris Worley,Ohio State,LB,5.12,4.86,15,29.5,,,,,74,238,31.25,9.25,ILB,LB41,https://www.nfl.com/prospects/chris-worley?id=32462018-0002-5600-45ea-0f375d4720b0
Azeem Victor,Washington,LB,5.11,4.72,19,32.5,115,7.2,4.4,,73,240,33,9.375,ILB,LB39,https://www.nfl.com/prospects/azeem-victor?id=32462018-0002-5598-2355-3770a975430c
Davin Bellamy,Georgia,LB,5,,15,,,,,,77,255,33.25,9.5,EDGE,LB03,https://www.nfl.com/prospects/davin-bellamy?id=32462018-0002-5598-6454-f27f839d7b91
Jason Cabinda,Penn State,LB,5,,19,,,,,,73,239,32,9.625,ILB,LB06,https://www.nfl.com/prospects/jason-cabinda?id=32462018-0002-5599-2841-a4eaaf41fafb
Garret Dooley,Wisconsin,LB,5,4.8,21,33,121,,4.28,,75,248,32.5,10.25,EDGE,LB11,https://www.nfl.com/prospects/garret-dooley?id=32462018-0002-5598-713e-705909d40b51
Joel Iyiegbuniwe,WKU,LB,5,4.6,19,35,117,7.06,4.28,,73,229,32.625,10.25,LB,LB18,https://www.nfl.com/prospects/joel-iyiegbuniwe?id=32462018-0002-5601-423f-7d4b27f70999
Jacob Pugh,Florida State,LB,4.95,4.65,,38.5,122,,,,76,246,34.375,10.125,OLB,LB31,https://www.nfl.com/prospects/jacob-pugh?id=32462018-0002-5600-64b7-c084c7ba46d0
Nick Deluca,North Dakota State,LB,4.9,4.85,18,29.5,112,7.09,4.23,,75,251,32.75,10.25,OLB,LB10,https://www.nfl.com/prospects/nick-deluca?id=32462018-0002-5598-947f-72d41051ad28
Minkah Fitzpatrick,Alabama,DB,6.5,4.46,14,33,121,,,,73,201,,,DB,DB51,https://www.nfl.com/prospects/minkah-fitzpatrick?id=32462018-0002-5599-4469-725ea4e0930c
Derwin James,Florida State,DB,6.44,4.47,21,40,132,,,,75,215,,,S,DB57,https://www.nfl.com/prospects/derwin-james?id=32462018-0002-5600-6615-53f9661a6a43
Ronnie Harrison,Alabama,DB,6.2,,,34,120,,,,75,214,,,S,DB54,https://www.nfl.com/prospects/ronnie-harrison?id=32462018-0002-5601-0357-bc5627dbf3fb
Josh Jackson,Iowa,DB,6.18,4.56,18,38,123,6.86,4.03,,73,192,,,CB,DB18,https://www.nfl.com/prospects/josh-jackson?id=32462018-0002-5600-3068-0cebf6c8b276
Denzel Ward,Ohio State,DB,6.13,4.32,16,39,136,,,,70,191,,,CB,DB41,https://www.nfl.com/prospects/denzel-ward?id=32462018-0002-5600-6141-7e124ecc121e
Justin Reid,Stanford,DB,6.12,4.4,16,36.5,128,6.65,4.15,,73,204,,,S,DB62,https://www.nfl.com/prospects/justin-reid?id=32462018-0002-5601-9880-2ac673bf0eed
Carlton Davis,Auburn,DB,6,4.53,16,34,124,,,,73,203,,,CB,DB06,https://www.nfl.com/prospects/carlton-davis?id=32462018-0002-5601-166f-0acf24eff361
Isaiah Oliver,Colorado,DB,5.9,4.5,,,,,,,73,190,,,CB,DB30,https://www.nfl.com/prospects/isaiah-oliver?id=32462018-0002-5600-60bd-a43f07022acb
Mike Hughes,UCF,DB,5.87,4.53,20,35.5,127,6.7,4.13,,71,191,,,CB,DB15,https://www.nfl.com/prospects/mike-hughes?id=32462018-0002-5600-6539-97d3a1e75fdc
Jessie Bates,Wake Forest,DB,5.84,4.5,,35.5,117,6.78,4.26,11.34,74,195,,,S,DB45,https://www.nfl.com/prospects/jessie-bates?id=32462018-0002-5601-3099-1ea09eebf7a3
Jaire Alexander,Louisville,DB,5.82,4.38,14,35,127,6.71,3.98,,71,192,,,CB,DB01,https://www.nfl.com/prospects/jaire-alexander?id=32462018-0002-5601-02dd-cf478fa51b0e
Kyzir White,West Virginia,DB,5.81,,21,35.5,113,,,,74,216,,,S,DB69,https://www.nfl.com/prospects/kyzir-white?id=32462018-0002-5600-971c-d8f4cbd92ef0
Anthony Averett,Alabama,DB,5.8,4.36,13,31.5,119,6.93,4.4,,72,185,,,CB,DB02,https://www.nfl.com/prospects/anthony-averett?id=32462018-0002-5599-0863-265c14125a65
Donte Jackson,LSU,DB,5.79,4.32,7,,124,,,,71,175,,,CB,DB16,https://www.nfl.com/prospects/donte-jackson?id=32462018-0002-5600-7078-3baa1a8b2e92
Duke Dawson,Florida,DB,5.75,4.46,15,,,,,,70,208,,,CB,DB07,https://www.nfl.com/prospects/duke-dawson?id=32462018-0002-5600-21da-5c2f1a37df8f
Tarvarus McFadden,Florida State,DB,5.74,4.67,,38.5,121,,,,74,198,,,CB,DB25,https://www.nfl.com/prospects/tarvarus-mcfadden?id=32462018-0002-5602-249a-403ce674d11e
Armani Watts,Texas A&M,DB,5.73,,13,35,120,7.25,4.37,,71,205,,,S,DB67,https://www.nfl.com/prospects/armani-watts?id=32462018-0002-5600-83f4-d74d8310d315
Holton Hill,Texas,DB,5.72,4.49,14,31,120,6.83,4.15,,75,200,,,CB,DB14,https://www.nfl.com/prospects/holton-hill?id=32462018-0002-5601-0924-50e1467818a7
Rashaan Gaulden,Tennessee,DB,5.71,4.61,8,30,119,7.16,4.33,,73,193,,,CB,DB11,https://www.nfl.com/prospects/rashaan-gaulden?id=32462018-0002-5601-4679-70376b283996
M.J. Stewart,North Carolina,DB,5.7,4.54,18,35,118,6.9,4.28,11.19,71,200,,,CB,DB33,https://www.nfl.com/prospects/m.j.-stewart?id=32462018-0002-5599-97fe-36371601b10f
Stephen Roberts,Auburn,DB,5.7,4.53,,34,121,,,,71,189,,,S,DB63,https://www.nfl.com/prospects/stephen-roberts?id=32462018-0002-5602-09d0-9649ec7ca239
Parry Nickerson,Tulane,DB,5.69,4.32,15,,,,,,72,180,,,CB,DB29,https://www.nfl.com/prospects/parry-nickerson?id=32462018-0002-5602-3562-0e03f4de4e49
Nick Nelson,Wisconsin,DB,5.68,4.52,17,,123,,,,71,208,,,CB,DB28,https://www.nfl.com/prospects/nick-nelson?id=32462018-0002-5602-3469-e46c01b55713
Isaac Yiadom,Boston College,DB,5.65,4.52,8,,120,,4.18,,73,190,,,CB,DB42,https://www.nfl.com/prospects/isaac-yiadom?id=32462018-0002-5601-9916-e59d65ea0aa3
Kevin Toliver,LSU,DB,5.64,,10,33,120,,,,75,204,,,CB,DB38,https://www.nfl.com/prospects/kevin-toliver?id=32462018-0002-5602-237a-bc5ac3c609da
Marcus Allen,Penn State,DB,5.63,,15,37,127,,4.32,,74,202,,,S,DB43,https://www.nfl.com/prospects/marcus-allen?id=32462018-0002-5599-41f8-066a128fa16f
J.C. Jackson,Maryland,DB,5.57,4.46,14,35.5,120,,,,71,193,,,CB,DB17,https://www.nfl.com/prospects/j.c.-jackson?id=32462018-0002-5601-6420-a30a4e22d3a5
Terrell Edmunds,Virginia Tech,DB,5.54,4.47,,41.5,134,,,,74,220,,,S,DB49,https://www.nfl.com/prospects/terrell-edmunds?id=32462018-0002-5601-25af-a59d7c8988a5
Levi Wallace,Alabama,DB,5.5,4.63,,33,,,,,72,183,,,CB,DB40,https://www.nfl.com/prospects/levi-wallace?id=32462018-0002-5599-37dc-f8dc32c7ecf3
Godwin Igwebuike,Northwestern,DB,5.5,4.44,19,35.5,128,6.56,4.12,10.81,72,205,,,S,DB55,https://www.nfl.com/prospects/godwin-igwebuike?id=32462018-0002-5599-80a0-aafa8de2e632
Siran Neal,Jacksonville State,DB,5.49,4.56,17,40.5,122,7,4.28,,72,199,,,S,DB60,https://www.nfl.com/prospects/siran-neal?id=32462018-0002-5598-0924-48f118dbddf9
Taron Johnson,Weber State,DB,5.44,4.5,17,33,118,7.03,4.28,,72,180,,,CB,DB20,https://www.nfl.com/prospects/taron-johnson?id=32462018-0002-5600-928c-90992fa18499
D.J. Reed,Kansas State,DB,5.44,4.51,11,36.5,,,,,69,188,,,CB,DB32,https://www.nfl.com/prospects/d.j.-reed?id=32462018-0002-5601-9588-5a446e500cc4
Quin Blanding,Virginia,DB,5.44,4.63,,31.5,122,,,,74,215,,,S,DB46,https://www.nfl.com/prospects/quin-blanding?id=32462018-0002-5600-052c-e59ecbe044a9
Deshon Elliott,Texas,DB,5.43,4.58,15,36,121,,,,74,205,,,S,DB50,https://www.nfl.com/prospects/deshon-elliott?id=32462018-0002-5601-10b9-48f778b707e0
Jamarcus King,South Carolina,DB,5.42,4.7,,,,,,,73,186,,,CB,DB23,https://www.nfl.com/prospects/jamarcus-king?id=32462018-0002-5602-00c3-03e5142d90b6
Tony Brown,Alabama,DB,5.41,4.35,14,31.5,126,6.78,4.11,11.14,72,198,,,CB,DB03,https://www.nfl.com/prospects/tony-brown?id=32462018-0002-5601-3827-e3c3900c01f5
d'Montre Wade,Murray State,DB,5.41,4.57,15,35.5,120,,4.4,,72,200,,,CB,DB39,https://www.nfl.com/prospects/d'montre-wade?id=32462018-0002-5601-7410-db501db2dc8b
Brandon Facyson,Virginia Tech,DB,5.4,4.53,16,,,,,,74,197,,,CB,DB09,https://www.nfl.com/prospects/brandon-facyson?id=32462018-0002-5599-60dd-36e0d83dbd82
Greg Stroman,Virginia Tech,DB,5.4,4.48,16,33.5,113,,4.45,,72,180,,,CB,DB34,https://www.nfl.com/prospects/greg-stroman?id=32462018-0002-5599-8316-d8093fea2ccb
Jordan Whitehead,Pittsburgh,DB,5.39,,21,,,,,,71,195,,,S,DB70,https://www.nfl.com/prospects/jordan-whitehead?id=32462018-0002-5600-282d-00d032437dba
Quenton Meeks,Stanford,DB,5.38,,11,39,128,6.72,4.23,,74,205,,,DB,DB26,https://www.nfl.com/prospects/quenton-meeks?id=32462018-0002-5602-27d9-a93aedb60e3c
Darius Phillips,Western Michigan,DB,5.38,4.54,,,,,,,70,190,,,CB,DB31,https://www.nfl.com/prospects/darius-phillips?id=32462018-0002-5599-19cf-9895b535d3d6
Andre Chachere,San Jose State,DB,5.36,4.49,13,38,123,6.78,4.07,11.43,72,200,,,CB,DB05,https://www.nfl.com/prospects/andre-chachere?id=32462018-0002-5601-516e-73049d41ba59
Domincik Sanders,Georgia,DB,5.36,,14,,,,,,72,193,,,S,DB64,https://www.nfl.com/prospects/domincik-sanders?id=32462018-0002-5601-82e4-76c49d91ce76
Tre Flowers,Oklahoma State,DB,5.35,4.45,18,34.5,122,,,,75,200,,,S,DB52,https://www.nfl.com/prospects/tre-flowers?id=32462018-0002-5600-3767-5a7094c7cee0
Sean Chandler,Temple,DB,5.34,4.65,16,34.5,119,,4.62,,72,190,,,S,DB47,https://www.nfl.com/prospects/sean-chandler?id=32462018-0002-5601-5235-6e37098ac157
Kameron Kelly,San Diego State,DB,5.34,4.66,9,33,120,6.94,4.28,,74,200,,,S,DB59,https://www.nfl.com/prospects/kameron-kelly?id=32462018-0002-5600-9460-0b0520897fbf
Trey Walker,Louisiana,DB,5.33,4.51,14,33,119,7,4.28,11.27,74,200,,,S,DB66,https://www.nfl.com/prospects/trey-walker?id=32462018-0002-5600-361c-bcf96286cf5e
Rashard Fant,Indiana,DB,5.31,,,,,,,,70,175,,,CB,DB10,https://www.nfl.com/prospects/rashard-fant?id=32462018-0002-5601-33fa-dcc20b108f13
Danny Johnson,Southern,DB,5.28,4.44,15,35,123,,,,70,185,,,CB,DB19,https://www.nfl.com/prospects/danny-johnson?id=32462018-0002-5598-061a-4bdf0bc76958
Chandon Sullivan,Georgia State,DB,5.24,4.6,15,40.5,134,,4.36,,71,195,,,CB,DB35,https://www.nfl.com/prospects/chandon-sullivan?id=32462018-0002-5598-05c5-379ac7578b42
Michael Joseph,Dubuque,DB,5.23,,17,34,,6.89,4.2,11.98,73,181,,,CB,DB22,https://www.nfl.com/prospects/michael-joseph?id=32462018-0002-5598-047c-4ccdc144ded7
Joshua Kalu,Nebraska,DB,5.21,4.58,17,41.5,134,,,,73,195,,,S,DB58,https://www.nfl.com/prospects/joshua-kalu?id=32462018-0002-5600-50ba-4d1af84a6433
Dane Cruikshank,Arizona,DB,5.16,4.41,25,38.5,121,6.89,4.24,,73,206,,,S,DB48,https://www.nfl.com/prospects/dane-cruikshank?id=32462018-0002-5599-7168-7460d8811278
Jordan Thomas,Oklahoma,DB,5.15,4.64,4,38,124,6.28,3.94,10.85,72,186,,,CB,DB36,https://www.nfl.com/prospects/jordan-thomas?id=32462018-0002-5599-32ae-b563f91a3de2
Grant Haley,Penn State,DB,5.14,4.44,15,34,119,6.51,3.94,,69,190,,,CB,DB12,https://www.nfl.com/prospects/grant-haley?id=32462018-0002-5599-8122-9d7446dfcae9
Davontae Harris,Illinois State,DB,5.14,4.43,22,32.5,123,6.96,4.4,,72,200,,,CB,DB13,https://www.nfl.com/prospects/davontae-harris?id=32462018-0002-5599-723a-595d26680a8b
Chris Campbell,Penn State,DB,5.12,,14,,,,,,73,194,,,CB,DB04,https://www.nfl.com/prospects/chris-campbell?id=32462018-0002-5599-12d7-c28d338f2c22
Kamrin Moore,Boston College,DB,5.1,,,,,,,,71,200,,,CB,DB27,https://www.nfl.com/prospects/kamrin-moore?id=32462018-0002-5599-35ec-e14c91f2d88a
Natrell Jamerson,Wisconsin,DB,5.1,4.4,25,35.5,120,,,,72,198,,,S,DB56,https://www.nfl.com/prospects/natrell-jamerson?id=32462018-0002-5600-54e9-3a824cbf11e4
Van Smith,Clemson,DB,4.99,4.61,,29.5,,,,,71,185,,,S,DB65,https://www.nfl.com/prospects/van-smith?id=32462018-0002-5601-97b2-144d7034295f
Damon Webb,Ohio State,DB,4.99,4.62,17,,,,,,71,195,,,S,DB68,https://www.nfl.com/prospects/damon-webb?id=32462018-0002-5600-567b-c82e8e4f7c8d
Troy Apke,Penn State,DB,4.98,4.34,16,41,131,6.56,4.03,,74,198,,,S,DB44,https://www.nfl.com/prospects/troy-apke?id=32462018-0002-5601-23df-c332e0865a01
Max Redfield,Indiana (PA),DB,4.95,4.69,15,,,,,,73,205,,,S,DB61,https://www.nfl.com/prospects/max-redfield?id=32462018-0002-5601-86bb-c350360a4031
Marcell Harris,Florida,DB,4.94,,16,,,,,,72,208,,,S,DB53,https://www.nfl.com/prospects/marcell-harris?id=32462018-0002-5601-6258-f33b66d400c2
Henre' Toliver,Arkansas,DB,4.93,4.63,6,32.5,117,7.01,4.15,11.39,73,185,,,CB,DB37,https://www.nfl.com/prospects/henre'-toliver?id=32462018-0002-5602-21fc-24db1ec3fea1
Chris Jones,Nebraska,DB,4.9,4.57,14,,,,,,72,195,,,CB,DB21,https://www.nfl.com/prospects/chris-jones?id=32462018-0002-5601-782e-1ce15ec4a166
Avonte Maddox,Pittsburgh,DB,4.89,4.39,13,37,125,6.51,4,10.72,69,180,,,CB,DB24,https://www.nfl.com/prospects/avonte-maddox?id=32462018-0002-5600-12bf-c3b700c65bca
Dee Delaney,Miami,DB,4.82,4.46,13,32.5,120,6.95,4.25,,73,194,,,CB,DB08,https://www.nfl.com/prospects/dee-delaney?id=32462018-0002-5599-73f5-1509196b97e7
Michael Dickson,Texas,PK,5.7,,,,,,,,74,208,31.25,9.25,P,PK06,https://www.nfl.com/prospects/michael-dickson?id=32462018-0002-5601-21e4-a6d44e478ced
JK Scott,Alabama,PK,5.5,4.83,,30.5,114,7.28,4.41,,78,208,33.125,9.125,P,PK08,https://www.nfl.com/prospects/jk-scott?id=32462018-0002-5600-7115-5dafcb9a6922
Daniel Carlson,Auburn,PK,5.25,,,,,,,,77,213,32,9.75,K,PK03,https://www.nfl.com/prospects/daniel-carlson?id=32462018-0002-5600-58f2-baa81f982f9f
Joseph Davidson,Bowling Green,PK,5.2,,,,,,,,79,232,32.25,8.5,P,PK05,https://www.nfl.com/prospects/joseph-davidson?id=32462018-0002-5599-94c8-f537b88a3b97
Eddy Pineiro,Florida,PK,5.15,,,,,,,,72,185,29.875,8.25,K,PK07,https://www.nfl.com/prospects/eddy-pineiro?id=32462018-0002-5601-73a3-d33e2fbd6e07
Mike Badgley,Miami,PK,5.05,4.94,,,111,,,,70,183,29,8.75,K,PK01,https://www.nfl.com/prospects/mike-badgley?id=32462018-0002-5600-7942-e9e72f3f2fd2
Johnny Townsend,Florida,PK,5,,,,,,,,73,210,30.625,9.5,P,PK09,https://www.nfl.com/prospects/johnny-townsend?id=32462018-0002-5600-75f5-c06780d3ee7c
Trevor Daniel,Tennessee,PK,4.9,4.98,23,32.5,119,,,,73,230,31.5,9.375,P,PK04,https://www.nfl.com/prospects/trevor-daniel?id=32462018-0002-5601-15b9-710a20fe9192
Shane Tripucka,Texas A&M,PK,4.9,,,,,,,,75,211,31.5,9.75,P,PK10,https://www.nfl.com/prospects/shane-tripucka?id=32462018-0002-5600-0631-9ca4bd27cdde
Drew Brown,Nebraska,PK,4.88,,,,,,,,70,208,29,8.375,K,PK02,https://www.nfl.com/prospects/drew-brown?id=32462018-0002-5599-766a-d30bda5fc055
Ryan Winslow,Pittsburgh,PK,4.85,,,,,,,,77,217,30.25,8.625,P,PK11,https://www.nfl.com/prospects/ryan-winslow?id=32462018-0002-5601-947c-20244fd21e2d
Tanner Carew,Oregon,ST,5.3,5,18,30,111,7.26,4.28,,73,243,31.5,9.625,LS,ST01,https://www.nfl.com/prospects/tanner-carew?id=32462018-0002-5599-54ac-2a07e46950ff
